category,lat,lon,x_m_from_SW,y_m_from_SW,depth_m,weed_m,fish_rate,n_pings,dist_from_swim_m,bearing_from_swim
gold,51.74520296471398,-1.4338217432460423,108.0,76.0,0.6485000000000001,0.0,0.75,8.0,23.46050369497582,86.58868755706008
gold,51.745184946695964,-1.433443435456655,134.0,74.0,0.8953508771929823,0.0,0.7192982456140351,57.0,49.422625152607125,90.7002579686468
gold,51.74520296471398,-1.433850843845226,106.0,76.0,0.5780882352941177,0.0,0.5882352941176471,34.0,21.464377409952277,86.27101565154204
gold,51.745166928677946,-1.4342873528329807,76.0,72.0,0.79275,0.03699849693606198,0.5833333333333334,12.0,8.967474966447703,253.11900294535354
gold,51.745184946695964,-1.4340254474403278,94.0,74.0,0.6241,0.0007515319690137588,0.5666666666666667,30.0,9.438281436417576,93.66924767803123
gold,51.745184946695964,-1.434345554031348,72.0,74.0,0.6978181818181818,0.002995616939425472,0.45454545454545453,11.0,12.595557161034023,267.25133209933705
gold,51.74514891065993,-1.4340836486386952,90.0,70.0,0.7833333333333333,0.034397040120245116,0.4166666666666667,12.0,7.1106845293810785,130.35179623892918
gold,51.745166928677946,-1.4340254474403278,94.0,72.0,0.7594791666666666,0.0020233553011908888,0.4166666666666667,48.0,9.772268493026912,105.4543331742191
gold,51.745166928677946,-1.4343746546305316,70.0,72.0,0.8536944444444444,0.02664084479901337,0.3888888888888889,72.0,14.811765566553936,259.874349788904
gold,51.745094856605874,-1.434345554031348,72.0,64.0,0.9602727272727273,0.03449689401822596,0.36363636363636365,55.0,16.453827376351825,229.8739565460185
gold,51.74514891065993,-1.43452015762645,60.0,70.0,0.9390967741935484,0.02981884909312656,0.3548387096774194,31.0,25.008514432085175,259.39144866380485
gold,51.745184946695964,-1.4338217432460423,108.0,74.0,0.6735161290322581,0.0,0.3548387096774194,31.0,23.42672210636298,91.47743934960683
gold,51.745184946695964,-1.433763542047675,112.0,74.0,0.6860999999999999,0.0,0.35,40.0,27.425586241664277,91.2619793638537
gold,51.745184946695964,-1.4346656606223682,50.0,74.0,0.958,0.01219993541210664,0.3448275862068966,29.0,34.58634071307235,268.9993308275441
gold,51.745184946695964,-1.4337926426468586,110.0,74.0,0.691078947368421,0.0,0.34210526315789475,38.0,25.426109507234102,91.36123780207846
gold,51.745184946695964,-1.433588938452573,124.0,74.0,0.9329166666666667,0.0,0.3333333333333333,36.0,39.423561442994874,90.87787805965777
gold,51.745184946695964,-1.4336471396509405,120.0,74.0,0.7846666666666666,0.0,0.30303030303030304,33.0,35.42408396556477,90.97700205117188
gold,51.745166928677946,-1.4341418498370624,86.0,72.0,0.6509769585253457,0.010757483484145899,0.2995391705069124,217.0,2.9655163798887707,151.41396258836627
gold,51.745184946695964,-1.4343164534321644,74.0,74.0,0.6521447368421053,0.009721233364368257,0.29605263157894735,152.0,10.598292137036982,266.73282380093974
gold,51.74514891065993,-1.4344619564280825,64.0,70.0,0.9639032258064516,0.03904982489118637,0.2903225806451613,31.0,21.08974315040421,257.39044072611995
gold,51.74514891065993,-1.434432855828899,66.0,70.0,0.9910405405405406,0.006937218175511619,0.28378378378378377,74.0,19.142962210042775,256.08352693587534
gold,51.745184946695964,-1.4337344414484914,114.0,74.0,0.6768181818181819,0.0,0.2727272727272727,33.0,29.42513409865908,91.17621066041976
gold,51.74513089264191,-1.4344037552297153,68.0,68.0,1.0018529411764707,0.02223990532737549,0.2647058823529412,34.0,17.84782376725555,248.2832632694351
gold,51.745184946695964,-1.4342000510354298,82.0,74.0,0.6464285714285714,0.0007518167480850031,0.26108374384236455,203.0,2.650799940093139,256.8287202358838
gold,51.745166928677946,-1.4340545480395115,92.0,72.0,0.6980959595959597,0.023132819698896703,0.25757575757575757,198.0,7.86266465485474,109.34088711228128
gold,51.744824586335604,-1.434170950436246,84.0,34.0,1.416125,0.005094519597641346,0.25,16.0,40.60817623192575,180.81987836844877
gold,51.745184946695964,-1.434432855828899,66.0,74.0,0.8509130434782608,0.004222654541615768,0.2391304347826087,46.0,18.59088088611086,268.1381292642618
gold,51.745166928677946,-1.4342000510354298,82.0,72.0,0.7147384105960265,0.01126723680492864,0.23841059602649006,302.0,3.666444510582379,224.7463710007049
gold,51.745184946695964,-1.4337053408493077,116.0,74.0,0.6919117647058823,0.0,0.23529411764705882,34.0,31.42473950169156,91.1013570005075
gold,51.745184946695964,-1.4344619564280825,64.0,74.0,0.885375,0.006015868886576483,0.21875,32.0,20.58992753985447,268.31895031454945
gold,51.74514891065993,-1.4344037552297153,68.0,70.0,0.9787812499999999,0.03123554746213435,0.21875,96.0,17.20839150531595,254.48176907827252
gold,51.74513089264191,-1.434112749237879,88.0,68.0,1.0354761904761904,0.04689229142923211,0.2,105.0,7.43654311344033,152.62916816469001
gold,51.745094856605874,-1.4339963468411443,96.0,64.0,1.0089418604651161,0.028817688293041002,0.18604651162790697,86.0,15.583236750817797,132.88085129866397
gold,51.745166928677946,-1.4342291516346135,80.0,72.0,0.6777571428571428,0.001610425647886626,0.18571428571428572,70.0,5.26944772476919,240.38476862663933
gold,51.74511287462389,-1.434345554031348,72.0,66.0,0.9624259259259259,0.00812553795557611,0.18518518518518517,54.0,15.241796492015071,235.63231018092796
gold,51.745166928677946,-1.434170950436246,84.0,72.0,0.5187464387464388,9.882077173093475e-06,0.1794871794871795,351.0,2.6680613512968794,192.57901817537277
gold,51.745184946695964,-1.4336762402501242,118.0,74.0,0.7275714285714285,0.0,0.17857142857142858,28.0,33.424392122733934,91.03545965130101
gold,51.745166928677946,-1.4344037552297153,68.0,72.0,0.8630857142857142,0.0023784748030325556,0.17142857142857143,35.0,16.784298113816032,261.07472907605944
gold,51.745184946695964,-1.4340545480395115,92.0,74.0,0.7239,0.010167360388484217,0.1625,80.0,7.443481742297763,94.6545180125128
gold,51.745184946695964,-1.4336180390517568,122.0,74.0,0.89275,0.0,0.15625,32.0,37.42380874289103,90.92479171378719
gold,51.745184946695964,-1.4344910570272662,62.0,74.0,0.9391538461538461,0.011206275514288001,0.15384615384615385,26.0,22.589142968943136,268.46776608908556
gold,51.745184946695964,-1.4346074594240008,54.0,74.0,0.983153846153846,0.036353691400517626,0.15384615384615385,26.0,30.587030519011407,268.8684754742044
gold,51.745184946695964,-1.4339381456427769,100.0,74.0,0.5072702702702703,0.0006327867930365329,0.14864864864864866,74.0,15.430760336041061,92.24334826858399
gold,51.74514891065993,-1.4344910570272662,62.0,70.0,0.956037037037037,0.0010919695276268289,0.14814814814814814,27.0,23.045640154374468,258.4760052179495
gold,51.745166928677946,-1.434345554031348,72.0,72.0,0.7382439024390244,0.03140783228852059,0.14634146341463414,82.0,12.84772879631483,258.30609083639825
gold,51.74486062237164,-1.4347820630191028,42.0,38.0,1.4476785714285714,0.008795401615380803,0.14285714285714285,28.0,56.15159276727938,229.3166134740438
gold,51.745076838587856,-1.4350730690109392,22.0,62.0,1.3561724137931035,0.04664681186981951,0.13793103448275862,29.0,63.83769348692005,258.6127904084791
gold,51.745076838587856,-1.434345554031348,72.0,62.0,1.023593220338983,0.019165534959464305,0.13559322033898305,59.0,17.80855160751617,224.94778274143727
gold,51.74513089264191,-1.434432855828899,66.0,68.0,1.0106444444444445,0.019462750992407598,0.13333333333333333,90.0,19.719763619321295,250.43394399509086
gold,51.745166928677946,-1.4340836486386952,90.0,72.0,0.7171911764705882,0.008926567505253922,0.1323529411764706,68.0,6.012134350594433,115.66618275043635
gold,51.74514891065993,-1.4342291516346135,80.0,70.0,0.897892561983471,0.009158847963123811,0.1322314049586777,121.0,6.49485599154108,224.85682290966608
gold,51.74514891065993,-1.434578358824817,56.0,70.0,0.9652173913043478,0.024808095431992642,0.13043478260869565,23.0,28.94951333009941,260.8490454175995
gold,51.745166928677946,-1.4343164534321644,74.0,72.0,0.7684752475247525,0.00273024180669888,0.12871287128712872,101.0,10.89678260996161,256.17416394125377
gold,51.745184946695964,-1.4345492582256336,58.0,74.0,0.98025,0.049427679500520294,0.125,8.0,26.58792786249324,268.6982549673114
gold,51.74511287462389,-1.4339963468411443,96.0,66.0,1.0432599999999999,0.03388831078737426,0.12,50.0,14.297593944620772,126.99755099410939
gold,51.745094856605874,-1.434170950436246,84.0,64.0,1.0828709677419355,0.04611758211838773,0.11827956989247312,93.0,10.61992709397817,183.13648695732192
gold,51.745184946695964,-1.4346947612215517,48.0,74.0,1.0271923076923077,0.017209637396942288,0.11538461538461539,26.0,36.58605236829497,269.0540302765909
gold,51.74514891065993,-1.4342873528329807,76.0,70.0,0.950376923076923,0.04535873422449905,0.11538461538461539,130.0,9.738156001042913,241.78500657984029
gold,51.745166928677946,-1.4345492582256336,58.0,72.0,0.9871111111111112,0.0436466643542606,0.1111111111111111,18.0,26.70831299516924,264.4048625793364
gold,51.74487864038966,-1.4340836486386952,90.0,40.0,1.5321388888888887,0.004721162369445408,0.1111111111111111,36.0,35.02574709949964,171.0998557140793
gold,51.745076838587856,-1.4340836486386952,90.0,62.0,1.0723333333333334,0.02126128903791061,0.1111111111111111,27.0,13.719553002321426,156.73534164411814
gold,51.745094856605874,-1.4350439684117555,24.0,64.0,1.382642857142857,0.03710172934938804,0.10714285714285714,28.0,61.50212005068018,260.0716143175349
gold,51.74514891065993,-1.4340254474403278,94.0,70.0,0.9322134831460674,0.034082007272387145,0.10674157303370786,178.0,10.483954717881433,116.04959979357129
gold,51.74514891065993,-1.43484026421747,38.0,70.0,0.9427931034482759,0.04868013443850395,0.10344827586206896,29.0,46.808040952636155,264.35528498839795
gold,51.74514891065993,-1.4346365600231845,52.0,70.0,1.010103448275862,0.007714665040008611,0.10344827586206896,29.0,32.90475421575725,261.956808396582
gold,51.74513089264191,-1.434170950436246,84.0,68.0,1.03164406779661,0.03956565959423152,0.1016949152542373,59.0,6.6295325195557995,185.0283189231387
gold,51.74478855029957,-1.434170950436246,84.0,30.0,1.402,0.0030176899063475543,0.1,50.0,44.60780343097723,180.74636202822344
silver,51.74475251426353,-1.4348984654158372,34.0,26.0,1.3761923076923077,0.06536994050001334,0.8076923076923077,26.0,70.14837757469986,226.14192032071577
silver,51.74495071246173,-1.4352767732052247,8.0,48.0,1.1771851851851851,0.10425097313754961,0.7037037037037037,27.0,81.07054633306535,250.84293565364356
silver,51.74514891065993,-1.4345492582256336,58.0,70.0,0.9406296296296296,0.11311519636181447,0.4074074074074074,27.0,26.976842996813172,260.17348004062205
silver,51.74486062237164,-1.434345554031348,72.0,38.0,1.3467333333333333,0.1387443635102324,0.4,30.0,38.705780068084785,198.96821634457547
silver,51.744914676425694,-1.4351894714076738,14.0,44.0,1.361448275862069,0.09837693016135013,0.3448275862068966,29.0,76.93044157464959,246.55839819615585
silver,51.745094856605874,-1.4351312702093064,18.0,64.0,1.3097241379310345,0.09981221668042149,0.3103448275862069,29.0,67.42020144328377,260.9508013642007
silver,51.74514891065993,-1.4343746546305316,70.0,70.0,0.9320869565217391,0.06054984994495468,0.30434782608695654,46.0,15.290666245305818,252.4763196903869
silver,51.74486062237164,-1.435102169610123,20.0,38.0,1.3513793103448275,0.0897054074419606,0.27586206896551724,29.0,74.23320196533511,240.45579099770157
silver,51.74475251426353,-1.434927566015021,32.0,26.0,1.5341923076923079,0.057165345927052476,0.2692307692307692,26.0,71.60390450483514,227.25083360443733
silver,51.74475251426353,-1.43484026421747,38.0,26.0,1.465851851851852,0.09750645546691332,0.2222222222222222,27.0,67.32121766882165,223.78248562277446
silver,51.74514891065993,-1.434112749237879,88.0,70.0,0.9562222222222222,0.07829146226648828,0.20634920634920634,126.0,5.734640219863399,143.40250319621018
silver,51.74495071246173,-1.4345492582256336,58.0,48.0,1.3149000000000002,0.08188807954676841,0.2,60.0,37.60753758715543,224.97527321107106
silver,51.745184946695964,-1.43484026421747,38.0,74.0,0.793125,0.05723204994797086,0.1875,16.0,46.58498199817297,269.2570847131513
silver,51.74493269444371,-1.4344910570272662,62.0,46.0,1.3396867469879519,0.11516409028413341,0.18072289156626506,166.0,36.44302992955305,218.2888624674164
silver,51.74513089264191,-1.4339963468411443,96.0,68.0,1.041,0.07264809033799668,0.16666666666666666,18.0,13.191099938158102,120.0424839844741
silver,51.7450227845338,-1.4344619564280825,64.0,56.0,1.2161111111111111,0.14703048521987128,0.16666666666666666,18.0,27.743283715838224,227.8883563853356
silver,51.74514891065993,-1.4340545480395115,92.0,70.0,0.9209148936170213,0.10698076028959194,0.16595744680851063,235.0,8.731412858265488,121.82278092670734
silver,51.74514891065993,-1.434258252233797,78.0,70.0,0.9186084656084655,0.08774296321989697,0.164021164021164,189.0,8.031651033613985,235.02391948536604
silver,51.745094856605874,-1.435102169610123,20.0,64.0,1.3453846153846152,0.06356893193521705,0.15384615384615385,26.0,65.44585012571896,260.67540853464175
silver,51.745166928677946,-1.434258252233797,78.0,72.0,0.73868,0.0813735691987513,0.14,50.0,7.077523811261303,248.4121153863979
silver,51.744896658407676,-1.4344619564280825,64.0,42.0,1.412079365079365,0.06766540585479192,0.12698412698412698,63.0,38.55648215961834,212.2618917801197
silver,51.745004766515784,-1.4344619564280825,64.0,54.0,1.274,0.054197016996184524,0.125,8.0,29.122257233330597,224.96806862682806
silver,51.744896658407676,-1.4342000510354298,82.0,42.0,1.2022242990654206,0.1320178552325751,0.12149532710280374,107.0,32.70602300419462,184.52632597919808
silver,51.74486062237164,-1.4347529624199191,44.0,38.0,1.47864,0.0509885535900104,0.12,25.0,54.65049959815085,227.94962018010838
silver,51.744986748497766,-1.43452015762645,60.0,52.0,1.2964202898550725,0.1478683135019379,0.11594202898550725,69.0,33.39416819357609,227.3992802742199
bronze,51.74514891065993,-1.4346074594240008,54.0,70.0,0.9828709677419355,0.02355297461201929,0.0967741935483871,31.0,30.92569459243396,261.43834568684963
bronze,51.74486062237164,-1.4340836486386952,90.0,38.0,1.276483870967742,0.016783592360108755,0.0967741935483871,31.0,37.002959812762136,171.5789794429643
bronze,51.745166928677946,-1.433443435456655,134.0,72.0,1.0270136986301368,0.0,0.0958904109589041,73.0,49.48749288458546,93.01628175451776
bronze,51.74513089264191,-1.4340254474403278,94.0,68.0,1.0278646616541351,0.04122559259751877,0.09398496240601503,266.0,11.50345085412939,125.03594537444788
bronze,51.745076838587856,-1.4339672462419606,98.0,62.0,1.0291401869158878,0.02698707537903469,0.09345794392523364,107.0,18.410026580206907,133.2063545453566
bronze,51.74513089264191,-1.4343164534321644,74.0,68.0,0.9856282051282051,0.015608740894901144,0.08974358974358974,78.0,12.472851370168952,238.03024990867678
bronze,51.74514891065993,-1.4341418498370624,86.0,70.0,0.9573448275862069,0.03748489958974727,0.0896551724137931,145.0,4.8177134022449355,162.87098126548267
bronze,51.74513089264191,-1.4342000510354298,82.0,68.0,1.0395671641791044,0.04660619897391295,0.08955223880597014,134.0,7.090484144453282,201.34717977511662
bronze,51.744896658407676,-1.434170950436246,84.0,42.0,1.163195652173913,0.004260356814308766,0.08695652173913043,46.0,32.60919619947742,181.0210123227682
bronze,51.745094856605874,-1.4333561336591039,140.0,64.0,1.3867391304347827,0.0,0.08695652173913043,23.0,56.424316213706454,100.83220963122004
bronze,51.74514891065993,-1.4343164534321644,74.0,70.0,0.9303620689655172,0.04984630473524944,0.08620689655172414,58.0,11.539321742439789,246.48524536886748
bronze,51.74487864038966,-1.434112749237879,88.0,40.0,1.1237916666666667,0.009249624234015492,0.08333333333333333,24.0,34.77250672374661,174.35739572413806
bronze,51.745076838587856,-1.4343164534321644,74.0,62.0,1.04075,0.05371526573399622,0.08333333333333333,36.0,16.456617100202312,220.01343809212983
bronze,51.74511287462389,-1.4343164534321644,74.0,66.0,1.0128958333333333,0.017559833506763788,0.08333333333333333,48.0,13.637745280254627,230.8836339584117
bronze,51.745076838587856,-1.4339381456427769,100.0,62.0,1.0461369863013699,0.0,0.0821917808219178,73.0,19.91493948544733,129.26386065670167
bronze,51.745184946695964,-1.434112749237879,88.0,74.0,1.697816326530612,0.00031854573254900295,0.08163265306122448,49.0,3.4718796634836298,100.01898970109562
bronze,51.74486062237164,-1.4341418498370624,86.0,38.0,1.3603513513513512,0.0031873705130729063,0.08108108108108109,37.0,36.63151051833217,177.7800731373631
bronze,51.74513089264191,-1.4343746546305316,70.0,68.0,0.99092,0.009712105445716268,0.08,25.0,16.006890680332535,245.63339971487596
bronze,51.745184946695964,-1.4346365600231845,52.0,74.0,0.9890000000000001,0.009781477627471384,0.08,25.0,32.58666444952338,268.9379180680504
bronze,51.745094856605874,-1.4343746546305316,70.0,64.0,1.0033725490196077,0.03801867607951956,0.0784313725490196,51.0,18.029217933833966,233.9736363491137
bronze,51.745094856605874,-1.434112749237879,88.0,64.0,1.069779220779221,0.030553040438576335,0.07792207792207792,154.0,11.141558397801473,162.12970773192
bronze,51.745094856605874,-1.4350730690109392,22.0,64.0,1.3378846153846156,0.12253528642706582,0.07692307692307693,26.0,63.47310481379632,260.38289016379304
bronze,51.74487864038966,-1.4352185720068575,12.0,40.0,1.3764615384615384,0.10712665759491982,0.07692307692307693,26.0,80.40801735460857,244.5098876807607
bronze,51.74493269444371,-1.434258252233797,78.0,46.0,0.9532307692307692,0.13754369113370152,0.07692307692307693,13.0,29.351325671034605,192.95683884022287
bronze,51.74514891065993,-1.4342000510354298,82.0,70.0,0.967679389312977,0.05034778763639445,0.07633587786259542,131.0,5.278152174384662,209.2754926608329
bronze,51.74511287462389,-1.434112749237879,88.0,66.0,1.0339787234042555,0.07254559006944598,0.07446808510638298,94.0,9.258415010402087,158.32886994796408
bronze,51.74486062237164,-1.434258252233797,78.0,38.0,1.135991989319092,0.0876136386265049,0.07209612817089453,749.0,37.1909211872234,190.1923634591443
bronze,51.74514891065993,-1.434170950436246,84.0,70.0,0.9645357142857142,0.013007284079084287,0.07142857142857142,28.0,4.6405416064362575,187.19317909940128
bronze,51.74495071246173,-1.4343746546305316,70.0,48.0,1.0102323232323231,0.10281447846484267,0.0707070707070707,99.0,30.337786661520568,208.72615923749305
bronze,51.74493269444371,-1.4342000510354298,82.0,46.0,1.3247389705882353,0.13120779008793945,0.06985294117647059,272.0,28.72023312400761,185.15608555308742
bronze,51.744896658407676,-1.4344910570272662,62.0,42.0,1.496,0.089632012108599,0.06818181818181818,44.0,39.66013843268658,214.7059066557965
bronze,51.745004766515784,-1.4343746546305316,70.0,54.0,1.218186440677966,0.08348177804429237,0.06779661016949153,59.0,25.241495091210222,215.28630505273495
bronze,51.74511287462389,-1.4343746546305316,70.0,66.0,0.9751442307692307,0.01862709784145788,0.0673076923076923,104.0,16.93034625395767,239.45592716581405
bronze,51.745076838587856,-1.4339963468411443,96.0,62.0,1.04972,0.008278413689443865,0.06666666666666667,75.0,17.007449622410185,137.8241888144193
bronze,51.74511287462389,-1.4342873528329807,76.0,66.0,1.01175,0.029140880296474797,0.06578947368421052,76.0,12.151700800884289,224.92347458953256
bronze,51.74513089264191,-1.434345554031348,72.0,68.0,0.9790797101449276,0.014691318926038194,0.06521739130434782,138.0,14.209021263873915,242.30424341520882
bronze,51.745076838587856,-1.4343746546305316,70.0,62.0,1.0748064516129032,0.03916171550692043,0.06451612903225806,31.0,19.27352521809288,229.15953781164075
bronze,51.745184946695964,-1.434170950436246,84.0,74.0,0.673627659574468,0.00022140058006951975,0.06382978723404255,94.0,0.8381386206960403,223.8904320615302
bronze,51.74505882056984,-1.434345554031348,72.0,60.0,1.0729583333333335,0.0596528500404671,0.0625,48.0,19.275906862826158,220.74423173672295
bronze,51.74477053228155,-1.4340836486386952,90.0,28.0,1.5661875,0.0013549254249046131,0.0625,32.0,46.91800731103996,173.3676527110088
bronze,51.744806568317586,-1.4341418498370624,86.0,32.0,1.2361041666666666,0.00646751069487802,0.0625,48.0,42.627641125624415,178.09245952665262
bronze,51.74493269444371,-1.4343746546305316,70.0,46.0,1.0804464285714286,0.06605067885635003,0.0625,224.0,32.106033304454115,207.01047933857313
bronze,51.74513089264191,-1.4340836486386952,90.0,68.0,1.0479896907216495,0.0775073216258837,0.061855670103092786,97.0,8.54271089895715,140.62937640285656
bronze,51.745076838587856,-1.4341418498370624,86.0,62.0,1.1403230769230768,0.09992262333573468,0.06153846153846154,65.0,12.683637590742569,173.57680555643242
bronze,51.744986748497766,-1.4344619564280825,64.0,52.0,1.2624545454545455,0.0875561021242603,0.06060606060606061,99.0,30.569951609236448,222.31800949218066
bronze,51.74496873047975,-1.434345554031348,72.0,50.0,1.2814090909090907,0.07383932982268049,0.06060606060606061,66.0,27.634054362656556,207.0825641557429
bronze,51.745184946695964,-1.4335598378533896,126.0,74.0,1.007090909090909,0.0,0.06060606060606061,33.0,41.423338021877186,90.8354940397464
bronze,51.74513089264191,-1.4341418498370624,86.0,68.0,1.0341243243243243,0.07824994609593985,0.05945945945945946,185.0,6.754734447256409,167.87383236333764
bronze,51.74511287462389,-1.4339381456427769,100.0,66.0,1.0123235294117645,0.0,0.058823529411764705,34.0,17.65708539525891,119.16223577256982
bronze,51.745184946695964,-1.4335307372542059,128.0,74.0,1.0378285714285713,0.0,0.05714285714285714,35.0,43.423135180451915,90.79701388442243
bronze,51.745184946695964,-1.4353640750027756,2.0,74.0,1.2821666666666667,0.024232088488071835,0.05555555555555555,36.0,82.58327493698842,269.580931682615
bronze,51.745184946695964,-1.4353931756019593,0.0,74.0,1.2801052631578946,0.007484893294630958,0.05263157894736842,19.0,84.58322270576544,269.5908406118243
bronze,51.74505882056984,-1.4340836486386952,90.0,60.0,1.1125344827586208,0.06369083928379202,0.05172413793103448,58.0,15.57697690857532,159.64223890653454
weeded,51.744914676425694,-1.4334143348574713,136.0,44.0,1.3949999999999998,0.2480055497745404,0.6666666666666666,3.0,59.83738579184377,120.76067112187712
weeded,51.744896658407676,-1.4344037552297153,68.0,42.0,1.0843333333333334,0.1695282691640652,0.5416666666666666,24.0,36.57805063935442,206.9560205717444
weeded,51.74495071246173,-1.4353058738044084,6.0,48.0,1.099,0.15305237599722513,0.5,24.0,82.96238754228685,251.2962088744245
weeded,51.744896658407676,-1.4343164534321644,74.0,42.0,1.168793103448276,0.21104692190845262,0.3793103448275862,29.0,34.277995808542975,197.97993507790196
weeded,51.74496873047975,-1.4344910570272662,62.0,50.0,1.1965714285714286,0.23867333960986406,0.3333333333333333,21.0,33.39554282225003,222.5450776562366
weeded,51.74487864038966,-1.434345554031348,72.0,40.0,1.2575744680851064,0.26549619560003246,0.3191489361702128,47.0,36.8201213421706,199.97986939315376
weeded,51.744914676425694,-1.4352767732052247,8.0,44.0,1.2468461538461537,0.24460364470770296,0.3076923076923077,26.0,82.46978618133589,248.21691509006385
weeded,51.74495071246173,-1.4344619564280825,64.0,48.0,1.248304347826087,0.17624555741553433,0.30434782608695654,69.0,33.63560749331907,217.7258016299727
weeded,51.744914676425694,-1.4343164534321644,74.0,44.0,1.1087083333333334,0.24569314371603654,0.2916666666666667,24.0,32.381552180581274,199.0723692612367
weeded,51.744896658407676,-1.4343746546305316,70.0,42.0,1.3094545454545454,0.3416579951439473,0.2727272727272727,11.0,35.715956162481234,204.09499710521777
weeded,51.74496873047975,-1.434432855828899,66.0,50.0,1.1454666666666666,0.23982541334258295,0.26666666666666666,60.0,30.83202478662315,217.0602671977597
weeded,51.744914676425694,-1.4353058738044084,6.0,44.0,1.187,0.21256792692796853,0.26666666666666666,30.0,84.33024307311202,248.72117968111098
weeded,51.74496873047975,-1.4345492582256336,58.0,50.0,1.232875,0.3232310093652445,0.25,16.0,36.22030933526834,227.21197601106633
weeded,51.744896658407676,-1.434345554031348,72.0,42.0,1.191909090909091,0.254942767950052,0.25,44.0,34.94717814967877,201.10033987817062
weeded,51.744914676425694,-1.4351312702093064,18.0,44.0,1.3312800000000002,0.22976066597294484,0.24,25.0,73.27785690725939,245.3141006722004
weeded,51.74495071246173,-1.434432855828899,66.0,48.0,1.0897875,0.2672780090183836,0.2375,160.0,32.45042106767994,214.93163424502606
weeded,51.74493269444371,-1.4343164534321644,74.0,46.0,1.0704545454545455,0.24469460473622806,0.22727272727272727,22.0,30.498341702409427,200.30020820529242
weeded,51.74493269444371,-1.434345554031348,72.0,46.0,1.0527222222222221,0.21216325586773035,0.2222222222222222,18.0,31.24856973641868,203.741602809512
weeded,51.74486062237164,-1.4342873528329807,76.0,38.0,1.2543063063063065,0.3127607315952789,0.21171171171171171,222.0,37.59639454427988,193.19357689750333
weeded,51.744914676425694,-1.4344910570272662,62.0,44.0,1.3032978723404254,0.20746464355736613,0.20567375886524822,141.0,38.033018621627726,216.4216287886549
weeded,51.744896658407676,-1.434432855828899,66.0,42.0,1.2393125,0.25186437738466877,0.2,80.0,37.527030958364826,209.67886281846498
weeded,51.74495071246173,-1.435247672606041,10.0,48.0,1.3488846153846152,0.1558205928653379,0.19230769230769232,26.0,79.18402123387521,250.36803344046035
weeded,51.744824586335604,-1.4342291516346135,80.0,34.0,1.4157948717948718,0.21407543780072394,0.18803418803418803,117.0,40.86162631165004,186.43705962246028
weeded,51.744914676425694,-1.434432855828899,66.0,44.0,1.1602758620689657,0.26790519932541534,0.1810344827586207,116.0,35.80310011051124,211.26380639055682
weeded,51.744914676425694,-1.4344037552297153,68.0,44.0,1.1883865336658355,0.20905073424658954,0.17955112219451372,401.0,34.80715032214494,208.44855778810722
weeded,51.744914676425694,-1.434258252233797,78.0,44.0,1.1604594594594595,0.18683615978100887,0.16216216216216217,37.0,31.30361630345473,192.1360310000264
weeded,51.74475251426353,-1.4348693648166537,36.0,26.0,1.4539333333333333,0.27691062550583884,0.13333333333333333,30.0,68.72023437378368,224.98646812496625
weeded,51.74496873047975,-1.4344619564280825,64.0,50.0,1.277808510638298,0.17789536608585915,0.1276595744680851,47.0,32.077063712532045,219.91221371161998
weeded,51.74511287462389,-1.4340836486386952,90.0,66.0,1.06515625,0.16947407214706903,0.125,32.0,10.168283263655825,147.79668986632515
weeded,51.74487864038966,-1.4351894714076738,14.0,40.0,1.33704,0.2804717308359348,0.12,25.0,78.60741053440279,243.88251586934882
weeded,51.74478855029957,-1.4348111636182863,40.0,30.0,1.3678800000000002,0.1580298300381547,0.12,25.0,63.063380296209985,224.98525430097328
weeded,51.744896658407676,-1.4342291516346135,80.0,42.0,1.077457142857143,0.28160150636737524,0.11428571428571428,35.0,32.92427986647245,187.99805264962646
weeded,51.744986748497766,-1.4338217432460423,108.0,52.0,1.3982222222222223,0.15878521601726595,0.1111111111111111,9.0,32.548243177525826,133.98558604099458
weeded,51.744914676425694,-1.4342000510354298,82.0,44.0,1.2091338582677165,0.18446445495041527,0.11023622047244094,127.0,30.71266620995523,184.82077383150204
weeded,51.744914676425694,-1.4344619564280825,64.0,44.0,1.2308316831683168,0.3618514817142484,0.10891089108910891,101.0,36.880702833571185,213.92065566510254
weeded,51.74478855029957,-1.4331233288656349,156.0,30.0,1.9335675675675676,0.44604437944708497,0.10810810810810811,37.0,84.20322217017863,121.98644838354278
weeded,51.74495071246173,-1.4344037552297153,68.0,48.0,0.9912702702702703,0.24814616906188186,0.10810810810810811,37.0,31.348134928490257,211.93339658373716
weeded,51.74487864038966,-1.4342000510354298,82.0,40.0,1.3710860215053764,0.15403608099388705,0.10752688172043011,93.0,34.70014431926313,184.26571409533824
weeded,51.7450227845338,-1.4349566666142046,30.0,56.0,1.3126071428571429,0.1935607749863733,0.10714285714285714,28.0,57.66456692727969,251.17826448896477
weeded,51.74493269444371,-1.4342291516346135,80.0,46.0,1.195964539007092,0.17387325554792954,0.10638297872340426,141.0,28.968535597648692,189.0989151218035
weeded,51.74493269444371,-1.433443435456655,134.0,46.0,1.3473103448275863,0.3708421543650651,0.10344827586206896,29.0,57.10009568599741,120.06255354368255
weeded,51.74496873047975,-1.43452015762645,60.0,50.0,1.3088,0.32015261879986123,0.1,10.0,34.77911074722341,224.97326229368832
